<!-- DO NOT EDIT. -->
<!-- Generated by git commit hooks. -->
<?xml version="1.0" encoding="UTF-8" standalone="yes"?>
<addons>
<addon id="service.subtitles.a4ksubtitles"
       name="a4kSubtitles"
       version="0.0.10"
       provider-name="Unknown">
  <requires>
    <import addon="xbmc.python" version="2.25.0"/>
    <import addon="vfs.libarchive"/>
    <import addon="script.module.requests"/>
  </requires>
    <extension point="xbmc.subtitle.module" library="main.py"/>
    <extension point="xbmc.addon.metadata">
        <summary lang="en">a4kSubtitles - Multi-Source Subtitles Addon</summary>
        <description>
Multi-source subtitles addon optimized for Seren.
Supports: OpenSubtitles
        </description>
        <platform>all</platform>
        <reuselanguageinvoker>false</reuselanguageinvoker>
        <license>MIT License</license>
        <website>https://github.com/newt-sc/a4kSubtitles</website>
        <source>https://github.com/newt-sc/a4kSubtitles</source>
        <assets>
            <icon>icon.png</icon>
        </assets>
    </extension>
</addon>
</addons>
