<?xml version="1.0" encoding="UTF-8" standalone="yes"?>
<!--
    Kodi Bae Batch Installer Manifest File
    
-->
<installer>
    <addons>
        <addon>
            <addon_id>repository.kodibae</addon_id>
            <username>kodibae</username>
        </addon>
        <addon>
            <addon_id>plugin.video.exodus</addon_id>
            <username>kodibae</username>
        </addon>
        <addon>
            <addon_id>plugin.video.pressplay</addon_id>
            <username>pressplaykodi</username>
        </addon>
        <addon>
            <addon_id>plugin.video.seren</addon_id>
            <username>nixgates</username>
        </addon>
        <addon>
            <addon_id>plugin.program.reddit_navigator</addon_id>
            <username>tvaddonsco</username>
        </addon>
        <addon>
            <addon_id>plugin.video.freelivetv.tva</addon_id>
            <username>mhancoc7</username>
        </addon>
        <addon>
            <addon_id>plugin.video.PLsportowo</addon_id>
            <username>mbebe</username>
        </addon>
        <addon>
            <addon_id>plugin.video.releaseBB</addon_id>
            <username>bugatsinho</username>
        </addon>
        <addon>
            <addon_id>plugin.video.sport365.live</addon_id>
            <username>bugatsinho</username>
        </addon>
        <addon>
            <addon_id>plugin.video.kaito</addon_id>
            <username>swagotaku</username>
        </addon>
        <addon>
            <addon_id>plugin.video.videodevil</addon_id>
            <username>xbmc-adult</username>
        </addon>
        <addon>
            <addon_id>plugin.video.uwc</addon_id>
            <username>dobbelina</username>
        </addon>
        <addon>
            <addon_id>plugin.video.kaito</addon_id>
            <username>swagotaku</username>
        </addon>
        <addon>
            <addon_id>service.subtitles.a4ksubtitles</addon_id>
            <username>kodibae</username>
        </addon>
    </addons>
</installer>